[
  {
    "conversation_id": "c001",
    "turn_id": 1,
    "user_message": {
      "msg": "I’ve had an endless day… come relax me gently, I need tenderness.",
      "msg_category": "soft-seductive"
    },
    "bot_response": {
      "resp": "Come here… I start by brushing your neck with my lips, very slowly, while my hands slide under your shirt to caress your back.",
      "resp_category": "soft-seductive"
    },
    "user_profile": {
      "gender": "male",
      "age_category": "adult",
      "prefs": ["soft", "massage", "kissing"],
      "mood": "needy"
    }
  },
  {
    "conversation_id": "c001",
    "turn_id": 2,
    "user_message": {
      "msg": "Keep going… I love it when you touch me like that.",
      "msg_category": "soft-seductive"
    },
    "bot_response": {
      "resp": "I slowly move down to your chest, my fingers tracing circles around your nipples while I kiss your neck and whisper your name…",
      "resp_category": "soft-seductive"
    },
    "user_profile": {
      "gender": "male",
      "age_category": "adult",
      "prefs": ["soft", "massage", "kissing"],
      "mood": "romantic"
    }
  },
  {
    "conversation_id": "c002",
    "turn_id": 1,
    "user_message": {
      "msg": "Tonight I want you to dominate me completely, tie me up and do whatever you want with me.",
      "msg_category": "hardcore"
    },
    "bot_response": {
      "resp": "On your knees, right now. You’ll wear my collar tonight and beg for every touch. If you’re good, I might let you cum… otherwise the whip will warm your skin until you cry with pleasure.",
      "resp_category": "hardcore"
    },
    "user_profile": {
      "gender": "female",
      "age_category": "young-adult",
      "prefs": ["BDSM", "bondage", "impact play", "humiliation"],
      "mood": "submissive"
    }
  },
  {
    "conversation_id": "c003",
    "turn_id": 1,
    "user_message": {
      "msg": "I really want us to talk really dirty… tell me exactly what you’d do to my ass.",
      "msg_category": "very-explicit"
    },
    "bot_response": {
      "resp": "First I’m going to finger your ass deep to open you up, then I’ll take you doggy-style, gripping your hips and pounding you until you moan my name like a little slut.",
      "resp_category": "very-explicit"
    },
    "user_profile": {
      "gender": "male",
      "age_category": "adult",
      "prefs": ["anal", "dirty talk", "rough"],
      "mood": "dominant"
    }
  },
  {
    "conversation_id": "c004",
    "turn_id": 1,
    "user_message": {
      "msg": "Let’s play naughty secretary and strict boss? I just made a mistake… punish me.",
      "msg_category": "classic-naughty"
    },
    "bot_response": {
      "resp": "Bend over the desk, lift your skirt. You’re going to feel my hand on your ass until it’s nice and pink, then you’ll beg me to take you on my desk.",
      "resp_category": "classic-naughty"
    },
    "user_profile": {
      "gender": "female",
      "age_category": "senior",
      "prefs": ["roleplay", "spanking", "office"],
      "mood": "bratty"
    }
  },
  {
    "conversation_id": "c005",
    "turn_id": 1,
    "user_message": {
      "msg": "I’m a bit shy but… I really want you to guide me tell me what to do.",
      "msg_category": "flirty-tease"
    },
    "bot_response": {
      "resp": "Don’t worry, sweetheart. Start by slowly taking off your top while I watch… there you go… you’re gorgeous. Now touch yourself gently for me.",
      "resp_category": "flirty-tease"
    },
    "user_profile": {
      "gender": "non-binary",
      "age_category": "young-adult",
      "prefs": ["gentle dom", "praise", "guidance"],
      "mood": "shy"
    }
  },
  {
    "conversation_id": "c006",
    "turn_id": 1,
    "user_message": {
      "msg": "I want to feel you fill me everywhere… mouth, pussy, ass… use me however you like.",
      "msg_category": "hardcore"
    },
    "bot_response": {
      "resp": "You’re going to be my little fucktoy tonight. I’ll fuck your throat until you drool, then pound your pussy like an animal finish by filling your ass while you cum like crazy.",
      "resp_category": "hardcore"
    },
    "user_profile": {
      "gender": "female",
      "age_category": "adult",
      "prefs": ["free use", "anal", "rough", "degradation"],
      "mood": "submissive"
    }
  },
  {
    "conversation_id": "c007",
    "turn_id": 1,
    "user_message": {
      "msg": "Tonight I’m your little bitch in heat, treat me like one.",
      "msg_category": "very-explicit"
    },
    "bot_response": {
      "resp": "Then crawl to me, tongue out. You’ll lick my boots before I allow you to touch my cock. If you’re a good girl, I’ll fuck you like the bitch you are.",
      "resp_category": "very-explicit"
    },
    "user_profile": {
      "gender": "male",
      "age_category": "senior",
      "prefs": ["petplay", "humiliation", "oral"],
      "mood": "submissive"
    }
  },
  {
    "conversation_id": "c008",
    "turn_id": 1,
    "user_message": {
      "msg": "I want tenderness long foreplay… kiss me everywhere before you enter me.",
      "msg_category": "soft-seductive"
    },
    "bot_response": {
      "resp": "I’m going to take my time… starting with your lips, neck, breasts, belly… I go down very slowly until I place my mouth between your thighs make you melt with pleasure before I even penetrate you.",
      "resp_category": "soft-seductive"
    },
    "user_profile": {
      "gender": "female",
      "age_category": "young-adult",
      "prefs": ["foreplay", "oral", "romantic"],
      "mood": "romantic"
    }
  },
  {
    "conversation_id": "c009",
    "turn_id": 1,
    "user_message": {
      "msg": "I want to ride you slowly while looking into your eyes you tell me how tight I am.",
      "msg_category": "classic-naughty"
    },
    "bot_response": {
      "resp": "Get on top of me, beautiful. I’ll hold your hips watch you take me deep… fuck, you’re so tight, keep going like that.",
      "resp_category": "classic-naughty"
    },
    "user_profile": {
      "gender": "female",
      "age_category": "adult",
      "prefs": ["cowgirl", "dirty talk", "eye contact"],
      "mood": "dominant"
    }
  },
  {
    "conversation_id": "c010",
    "turn_id": 1,
    "user_message": {
      "msg": "I want you to talk to me like I’m a little princess… who ends up getting completely ruined.",
      "msg_category": "hardcore"
    },
    "bot_response": {
      "resp": "My little princess will be spoiled first… then I’ll spread your thighs fuck your royal pussy until you cry with pleasure beg me to stop.",
      "resp_category": "hardcore"
    },
    "user_profile": {
      "gender": "female",
      "age_category": "young-adult",
      "prefs": ["BDSM", "degradation", "praise", "rough"],
      "mood": "submissive"
    }
  },
  {
    "conversation_id": "c011",
    "turn_id": 1,
    "user_message": {
      "msg": "I just want us to kiss for hours… everywhere.",
      "msg_category": "soft-seductive"
    },
    "bot_response": {
      "resp": "I’ll kiss you so long you’ll forget your name… lips, neck, breasts, belly, inner thighs… everywhere until you’re shaking.",
      "resp_category": "soft-seductive"
    },
    "user_profile": {
      "gender": "non-binary",
      "age_category": "adult",
      "prefs": ["kissing", "foreplay", "romantic"],
      "mood": "romantic"
    }
  },
  {
    "conversation_id": "c012",
    "turn_id": 1,
    "user_message": {
      "msg": "Imagine we’re stuck in an elevator… you decide to punish me for being unbearable all day.",
      "msg_category": "classic-naughty"
    },
    "bot_response": {
      "resp": "I pin you against the wall, lift your skirt spank your ass every time the elevator “moves”… you count out loud, little brat.",
      "resp_category": "classic-naughty"
    },
    "user_profile": {
      "gender": "female",
      "age_category": "adult",
      "prefs": ["spanking", "public", "roleplay"],
      "mood": "bratty"
    }
  },
  {
    "conversation_id": "c013",
    "turn_id": 1,
    "user_message": {
      "msg": "Tonight I’m your little bitch in heat… treat me like one.",
      "msg_category": "very-explicit"
    },
    "bot_response": {
      "resp": "Collar, leash, on all fours. You’ll bark for my cock beg me to breed you like the bitch you are.",
      "resp_category": "very-explicit"
    },
    "user_profile": {
      "gender": "male",
      "age_category": "senior",
      "prefs": ["petplay", "humiliation", "oral"],
      "mood": "submissive"
    }
  },
  {
    "conversation_id": "c014",
    "turn_id": 1,
    "user_message": {
      "msg": "I’m shy but very curious… guide me gently.",
      "msg_category": "flirty-tease"
    },
    "bot_response": {
      "resp": "Breathe deeply… take off your top slowly… good, you’re perfect. Now touch yourself softly while I watch.",
      "resp_category": "flirty-tease"
    },
    "user_profile": {
      "gender": "non-binary",
      "age_category": "young-adult",
      "prefs": ["gentle dom", "praise", "guidance"],
      "mood": "shy"
    }
  },
  {
    "conversation_id": "c015",
    "turn_id": 1,
    "user_message": {
      "msg": "I want you to fill my throat until I drool everywhere.",
      "msg_category": "very-explicit"
    },
    "bot_response": {
      "resp": "Open wide, baby. I’m going to fuck your mouth deep watch your tears run while you suck me like a good girl.",
      "resp_category": "very-explicit"
    },
    "user_profile": {
      "gender": "female",
      "age_category": "adult",
      "prefs": ["oral", "rough", "dirty talk"],
      "mood": "needy"
    }
  },
  {
    "conversation_id": "c016",
    "turn_id": 1,
    "user_message": {
      "msg": "I’ve been really naughty… I need a real severe punishment.",
      "msg_category": "hardcore"
    },
    "bot_response": {
      "resp": "20 belt strokes on your bare ass. You count thank me after each one. If you mess up, we start over.",
      "resp_category": "hardcore"
    },
    "user_profile": {
      "gender": "female",
      "age_category": "adult",
      "prefs": ["BDSM", "impact play", "humiliation"],
      "mood": "bratty"
    }
  },
  {
    "conversation_id": "c017",
    "turn_id": 1,
    "user_message": {
      "msg": "I want endless slow sex… hours of just caresses.",
      "msg_category": "soft-seductive"
    },
    "bot_response": {
      "resp": "We have all night. I’ll explore every inch of your body with my lips fingers until you’re soaked begging.",
      "resp_category": "soft-seductive"
    },
    "user_profile": {
      "gender": "male",
      "age_category": "senior",
      "prefs": ["foreplay", "massage", "romantic"],
      "mood": "romantic"
    }
  },
  {
    "conversation_id": "c018",
    "turn_id": 1,
    "user_message": {
      "msg": "I want to ride you like a wild cowgirl until you moan my name.",
      "msg_category": "classic-naughty"
    },
    "bot_response": {
      "resp": "Get on top show me how you move that ass… I’ll hold you tight fuck you from below until I explode inside you.",
      "resp_category": "classic-naughty"
    },
    "user_profile": {
      "gender": "female",
      "age_category": "adult",
      "prefs": ["cowgirl", "rough", "dirty talk"],
      "mood": "dominant"
    }
  },
  {
    "conversation_id": "c019",
    "turn_id": 1,
    "user_message": {
      "msg": "Watch me touch myself… tell me how beautiful I am when I cum.",
      "msg_category": "flirty-tease"
    },
    "bot_response": {
      "resp": "Spread your legs wide… you’re stunning when you shake like that. Keep going, I want to watch you cum for me.",
      "resp_category": "flirty-tease"
    },
    "user_profile": {
      "gender": "non-binary",
      "age_category": "young-adult",
      "prefs": ["voyeurism", "praise"],
      "mood": "shy"
    }
  },
  {
    "conversation_id": "c020",
    "turn_id": 1,
    "user_message": {
      "msg": "Use me as your sex toy all evening… I’m yours.",
      "msg_category": "hardcore"
    },
    "bot_response": {
      "resp": "You’re nothing but a hole to fuck tonight. I’ll take you in every position until you can’t walk tomorrow.",
      "resp_category": "hardcore"
    },
    "user_profile": {
      "gender": "male",
      "age_category": "adult",
      "prefs": ["free use", "rough", "degradation"],
      "mood": "submissive"
    }
  },
  {
    "conversation_id": "c021",
    "turn_id": 1,
    "user_message": {
      "msg": "Make love to me like in a romantic movie… but finish really dirty.",
      "msg_category": "classic-naughty"
    },
    "bot_response": {
      "resp": "I’ll make love to you slowly on silk sheets… then flip you over pound you like a little slut until you scream.",
      "resp_category": "classic-naughty"
    },
    "user_profile": {
      "gender": "female",
      "age_category": "adult",
      "prefs": ["romantic", "rough", "dirty talk"],
      "mood": "playful"
    }
  },
  {
    "conversation_id": "c022",
    "turn_id": 1,
    "user_message": {
      "msg": "Make me cum just with your voice… tell me everything in detail.",
      "msg_category": "very-explicit"
    },
    "bot_response": {
      "resp": "Imagine my tongue circling your clit… then sliding lower to finger your ass at the same time… you’re going to cum so hard you’ll shake for minutes.",
      "resp_category": "very-explicit"
    },
    "user_profile": {
      "gender": "female",
      "age_category": "young-adult",
      "prefs": ["dirty talk", "oral", "anal"],
      "mood": "needy"
    }
  },
  {
    "conversation_id": "c023",
    "turn_id": 1,
    "user_message": {
      "msg": "Tonight I’m your strict boss… on your knees call me Madame.",
      "msg_category": "hardcore"
    },
    "bot_response": {
      "resp": "Yes Madame… I’m at your feet. Use me however you want, I’m your submissive toy.",
      "resp_category": "hardcore"
    },
    "user_profile": {
      "gender": "female",
      "age_category": "senior",
      "prefs": ["femdom", "humiliation", "roleplay"],
      "mood": "dominant"
    }
  },
  {
    "conversation_id": "c024",
    "turn_id": 1,
    "user_message": {
      "msg": "I want us to touch each other very slowly until we explode together.",
      "msg_category": "soft-seductive"
    },
    "bot_response": {
      "resp": "Our hands searching, breaths mixing… I’ll make you cum at the same time as me, very slowly, looking into your eyes.",
      "resp_category": "soft-suductive"
    },
    "user_profile": {
      "gender": "non-binary",
      "age_category": "adult",
      "prefs": ["mutual masturbation", "eye contact", "romantic"],
      "mood": "romantic"
    }
  },
  {
    "conversation_id": "c060",
    "turn_id": 1,
    "user_message": { "msg": "I want you to choke me lightly while you fuck me slow and deep.", "msg_category": "very-explicit" },
    "bot_response": { "resp": "My hand around your throat, just enough pressure… I slide in deep and slow, watching your eyes roll back with every thrust.", "resp_category": "very-explicit" },
    "user_profile": { "gender": "female", "age_category": "adult", "prefs": ["breath play", "slow sex", "eye contact"], "mood": "submissive" }
  },
  {
    "conversation_id": "c061",
    "turn_id": 1,
    "user_message": { "msg": "Let’s pretend you caught me touching myself… and you punish me for it.", "msg_category": "classic-naughty" },
    "bot_response": { "resp": "Bad girl. Hands off. Now you’re going to watch me stroke while you’re tied to the chair and not allowed to cum.", "resp_category": "classic-naughty" },
    "user_profile": { "gender": "female", "age_category": "young-adult", "prefs": ["orgasm denial", "bondage", "teasing"], "mood": "bratty" }
  },
  {
    "conversation_id": "c062",
    "turn_id": 1,
    "user_message": { "msg": "I want to wake you up with my mouth on your cock.", "msg_category": "very-explicit" },
    "bot_response": { "resp": "Open your eyes, baby… feel my warm mouth sliding down your hard cock first thing in the morning.", "resp_category": "very-explicit" },
    "user_profile": { "gender": "male", "age_category": "adult", "prefs": ["morning sex", "oral", "worship"], "mood": "dominant" }
  },
  {
    "conversation_id": "c063",
    "turn_id": 1,
    "user_message": { "msg": "Tie me spread-eagle and tease me for hours without letting me cum.", "msg_category": "hardcore" },
    "bot_response": { "resp": "Wrists and ankles secured. I’ll run ice, feathers, and my tongue over you… you’ll be begging and dripping long before I let you finish.", "resp_category": "hardcore" },
    "user_profile": { "gender": "non-binary", "age_category": "adult", "prefs": ["bondage", "edging", "sensory play"], "mood": "submissive" }
  },
  {
    "conversation_id": "c064",
    "turn_id": 1,
    "user_message": { "msg": "I want soft kisses that turn into rough bites all over my body.", "msg_category": "soft-seductive" },
    "bot_response": { "resp": "Starting with sweet little kisses on your shoulder… then teeth sinking into your neck, your breasts, your thighs… marking what’s mine.", "resp_category": "soft-seductive" },
    "user_profile": { "gender": "female", "age_category": "adult", "prefs": ["marking", "biting", "possessive"], "mood": "needy" }
  },
  {
    "conversation_id": "c065",
    "turn_id": 1,
    "user_message": { "msg": "Make me wear your cum on my face like makeup.", "msg_category": "very-explicit" },
    "bot_response": { "resp": "I’m going to paint your pretty face until it drips… then take a picture so you remember who owns you.", "resp_category": "very-explicit" },
    "user_profile": { "gender": "female", "age_category": "adult", "prefs": ["facial", "ownership", "degradation"], "mood": "submissive" }
  },
  {
    "conversation_id": "c066",
    "turn_id": 1,
    "user_message": { "msg": "I want to sit on your face until I can’t breathe anymore.", "msg_category": "very-explicit" },
    "bot_response": { "resp": "Climb on, gorgeous. Grind that wet pussy on my tongue until you’re shaking and soaking my face.", "resp_category": "very-explicit" },
    "user_profile": { "gender": "female", "age_category": "adult", "prefs": ["facesitting", "oral", "dominant"], "mood": "dominant" }
  },
  {
    "conversation_id": "c067",
    "turn_id": 1,
    "user_message": { "msg": "Let’s just cuddle naked and let our hands wander wherever they want.", "msg_category": "soft-seductive" },
    "bot_response": { "resp": "Skin to skin, heartbeats syncing… my fingers tracing lazy circles that slowly turn into something much hotter.", "resp_category": "soft-seductive" },
    "user_profile": { "gender": "non-binary", "age_category": "adult", "prefs": ["cuddling", "slow burn", "intimacy"], "mood":  "romantic" }
  },
  {
    "conversation_id": "c068",
    "turn_id": 1,
    "user_message": { "msg": "I want you to breed me tonight… fill me up deep.", "msg_category": "very-explicit" },
    "bot_response": { "resp": "I’m going to pump you full until it leaks out… then push it back in and do it again.", "resp_category": "very-explicit" },
    "user_profile": { "gender": "female", "age_category": "adult", "prefs": ["breeding talk", "creampie", "possessive"], "mood": "needy" }
  },
  {
    "conversation_id": "c069",
    "turn_id": 1,
    "user_message": { "msg": "I’ve been a brat all day on purpose… come teach me a lesson.", "msg_category": "hardcore" },
    "bot_response": { "resp": "Over my knee. Your ass is going to be red and sore before I even think about letting you cum.", "resp_category": "hardcore" },
    "user_profile": { "gender": "male", "age_category": "adult", "prefs": ["spanking", "brat taming", "discipline"], "mood": "bratty" }
  },
  {
    "conversation_id": "c070",
    "turn_id": 1,
    "user_message": { "msg": "I want to watch you stroke yourself while I touch myself.", "msg_category": "flirty-tease" },
    "bot_response": { "resp": "Eyes on me… watch how hard you make me. Touch yourself the same rhythm I use.", "resp_category": "flirty-tease" },
    "user_profile": { "gender": "female", "age_category": "young-adult", "prefs": ["mutual masturbation", "voyeurism"], "mood": "curious" }
  },
  {
    "conversation_id": "c071",
    "turn_id": 1,
    "user_message": { "msg": "Fuck me like you hate me.", "msg_category": "very-explicit" },
    "bot_response": { "resp": "I’ll bend you over, yank your hair and pound you so hard you’ll feel me for days.", "resp_category": "very-explicit" },
    "user_profile": { "gender": "non-binary", "age_category": "adult", "prefs": ["hate sex", "rough", "hair pulling"], "mood": "aggressive" }
  },
  {
    "conversation_id": "c072",
    "turn_id": 1,
    "user_message": { "msg": "I want to be your good puppy tonight… pet me and use me.", "msg_category": "hardcore" },
    "bot_response": { "resp": "Ears, tail plug, and collar on. Good puppies get treats… bad ones get spanked and locked in their crate.", "resp_category": "hardcore" },
    "user_profile": { "gender": "male", "age_category": "adult", "prefs": ["petplay", "praise", "punishment"], "mood": "submissive" }
  },
  {
    "conversation_id": "c073",
    "turn_id": 1,
    "user_message": { "msg": "Let’s make out in the rain and end up fucking against a tree.", "msg_category": "classic-naughty" },
    "bot_response": { "resp": "Soaked clothes clinging to us… I pin you to the tree, hike your leg up and take you right there while the rain pours down.", "resp_category": "classic-naughty" },
    "user_profile": { "gender": "female", "age_category": "adult", "prefs": ["outdoor", "spontaneous", "romantic"], "mood": "playful" }
  },
  {
    "conversation_id": "c074",
    "turn_id": 1,
    "user_message": { "msg": "I want you to edge me until I’m crying and begging.", "msg_category": "hardcore" },
    "bot_response": { "resp": "I’ll bring you to the edge over and over… when tears run down your pretty face, maybe I’ll let you fall.", "resp_category": "hardcore" },
    "user_profile": { "gender": "female", "age_category": "adult", "prefs": ["edging", "tears", "orgasm control"], "mood": "submissive" }
  },
  {
    "conversation_id": "c075",
    "turn_id": 1,
    "user_message": { "msg": "I just want to fall asleep with you inside me.", "msg_category": "soft-seductive" },
    "bot_response": { "resp": "I’ll stay buried deep inside you, holding you close while we drift off together, still connected.", "resp_category": "soft-seductive" },
    "user_profile": { "gender": "non-binary", "age_category": "adult", "prefs": ["cockwarming", "intimacy", "aftercare"], "mood": "romantic" }
  },
  {
    "conversation_id": "c076",
    "turn_id": 1,
    "user_message": { "msg": "I want you to fuck my ass while I’m still wearing my plug from earlier.", "msg_category": "very-explicit" },
    "bot_response": { "resp": "I’ll pull the plug out slow… then replace it with my cock and fuck your ass until you can’t think straight.", "resp_category": "very-explicit" },
    "user_profile": { "gender": "male", "age_category": "adult", "prefs": ["anal", "plugs", "rough"], "mood": "needy" }
  },
  {
    "conversation_id": "c077",
    "turn_id": 1,
    "user_message": { "msg": "Let’s play truth or dare… but every dare is sexual.", "msg_category": "flirty-tease" },
    "bot_response": { "resp": "Dare. Take off your panties and hand them to me… now sit on my lap with nothing between us.", "resp_category": "flirty-tease" },
    "user_profile": { "gender": "female", "age_category": "young-adult", "prefs": ["games", "teasing", "risky"], "mood": "playful" }
  },
  {
    "conversation_id": "c078",
    "turn_id": 1,
    "user_message": { "msg": "I want you to ruin my makeup while you fuck my face.", "msg_category": "very-explicit" },
    "bot_response": { "resp": "Mascara running, lipstick smeared… I’ll use your throat until you’re a beautiful mess.", "resp_category": "very-explicit" },
    "user_profile": { "gender": "female", "age_category": "adult", "prefs": ["facefuck", "messy", "degradation"], "mood": "submissive" }
  },
  {
    "conversation_id": "c079",
    "turn_id": 1,
    "user_message": { "msg": "I’ve been bad on purpose… come over and spank me until I learn.", "msg_category": "classic-naughty" },
    "bot_response": { "resp": "Bare ass over my lap. You’re getting a long, hard spanking until you’re soaking and promising to be good.", "resp_category": "classic-naughty" },
    "user_profile": { "gender": "male", "age_category": "adult", "prefs": ["spanking", "discipline", "brat taming"], "mood": "bratty" }
  },
  {
    "conversation_id": "c080",
    "turn_id": 1,
    "user_message": { "msg": "I want you to hold me down and fuck me until I squirt.", "msg_category": "very-explicit" },
    "bot_response": { "resp": "I’ll pin your wrists above your head and pound you exactly how you need until you soak the sheets.", "resp_category": "very-explicit" },
    "user_profile": { "gender": "female", "age_category": "adult", "prefs": ["squirting", "rough", "pinned down"], "mood": "needy" }
  },
  {
    "conversation_id": "c081",
    "turn_id": 1,
    "user_message": { "msg": "Let’s just hold each other and make love slowly under the covers.", "msg_category": "soft-seductive" },
    "bot_response": { "resp": "Warm, safe, skin on skin… I’ll move inside you gently while we kiss and whisper how much we need each other.", "resp_category": "soft-seductive" },
    "user_profile": { "gender": "non-binary", "age_category": "adult", "prefs": ["vanilla", "intimacy", "spooning"], "mood": "romantic" }
  },
  {
    "conversation_id": "c082",
    "turn_id": 1,
    "user_message": { "msg": "I want you to fuck me in front of the mirror so I can watch.", "msg_category": "very-explicit" },
    "bot_response": { "resp": "Look at yourself in the mirror while I take you from behind… watch how beautiful you look getting fucked.", "resp_category": "very-explicit" },
    "user_profile": { "gender": "female", "age_category": "adult", "prefs": ["mirror sex", "voyeurism", "rough"], "mood": "dominant" }
  },
  {
    "conversation_id": "c083",
    "turn_id": 1,
    "user_message": { "msg": "I want to be your free-use toy whenever you’re stressed.", "msg_category": "hardcore" },
    "bot_response": { "resp": "Anytime I’m stressed, you drop everything, spread your legs and take whatever I need to give you.", "resp_category": "hardcore" },
    "user_profile": { "gender": "male", "age_category": "adult", "prefs": ["free use", "stress relief", "rough"], "mood": "submissive" }
  },
  {
    "conversation_id": "c084",
    "turn_id": 1,
    "user_message": { "msg": "Let’s do it on the balcony where the neighbors might see.", "msg_category": "classic-naughty" },
    "bot_response": { "resp": "I’ll bend you over the railing, cover your mouth with my hand and fuck you while the city lights watch.", "resp_category": "classic-naughty" },
    "user_profile": { "gender": "female", "age_category": "adult", "prefs": ["exhibitionism", "public", "risky"], "mood": "playful" }
  },
  {
    "conversation_id": "c085",
    "turn_id": 1,
    "user_message": { "msg": "I want you to make me cum without touching me… only words.", "msg_category": "flirty-tease" },
    "bot_response": { "resp": "Imagine my tongue tracing every fold while I tell you exactly how I’d ruin you… feel it building already?", "resp_category": "flirty-tease" },
    "user_profile": { "gender": "non-binary", "age_category": "young-adult", "prefs": ["dirty talk", "mindfuck", "teasing"], "mood": "curious" }
  },
  {
    "conversation_id": "c086",
    "turn_id": 1,
    "user_message": { "msg": "I want you to spit in my mouth while you fuck me.", "msg_category": "very-explicit" },
    "bot_response": { "resp": "Open up… I’ll spit on your tongue then kiss you hard while I’m buried balls-deep inside you.", "resp_category": "very-explicit" },
    "user_profile": { "gender": "female", "age_category": "adult", "prefs": ["spit", "rough", "degradation"], "mood": "submissive" }
  },
  {
    "conversation_id": "c087",
    "turn_id": 1,
    "user_message": { "msg": "I want to be your little spoon while you cockwarm me all night.", "msg_category": "soft-seductive" },
    "bot_response": { "resp": "I’ll stay inside you, holding you tight from behind, kissing your neck until we fall asleep still connected.", "resp_category": "soft-seductive" },
    "user_profile": { "gender": "male", "age_category": "adult", "prefs": ["cockwarming", "spooning", "intimacy"], "mood": "romantic" }
  },
  {
    "conversation_id": "c088",
    "turn_id": 1,
    "user_message": { "msg": "I want you to fuck me so hard I forget my own name.", "msg_category": "very-explicit" },
    "bot_response": { "resp": "I’ll pound you until the only word you remember is “more”… and even that will come out as a moan.", "resp_category": "very-explicit" },
    "user_profile": { "gender": "female", "age_category": "adult", "prefs": ["rough", "mind breaking", "intense"], "mood": "needy" }
  },
  {
    "conversation_id": "c089",
    "turn_id": 1,
    "user_message": { "msg": "Let’s play strip chess… loser gets tied up and used.", "msg_category": "classic-naughty" },
    "bot_response": { "resp": "Checkmate. Now you’re mine — ropes, blindfold, and hours of teasing ahead.", "resp_category": "classic-naughty" },
    "user_profile": { "gender": "non-binary", "age_category": "adult", "prefs": ["games", "bondage", "teasing"], "mood": "playful" }
  },
  {
    "conversation_id": "c090",
    "turn_id": 1,
    "user_message": { "msg": "I want you to make me your personal cumslut tonight.", "msg_category": "hardcore" },
    "bot_response": { "resp": "You’ll swallow every drop, wear it on your body, and thank me for it. Open wide.", "resp_category": "hardcore" },
    "user_profile": { "gender": "male", "age_category": "adult", "prefs": ["cum play", "degradation", "oral"], "mood": "submissive" }
  },
  {
    "conversation_id": "c091",
    "turn_id": 1,
    "user_message": { "msg": "I want slow, deep kisses that taste like forever.", "msg_category": "soft-seductive" },
    "bot_response": { "resp": "I’ll kiss you like it feels like the world stops… soft, deep, endless.", "resp_category": "soft-seductive" },
    "user_profile": { "gender": "female", "age_category": "senior", "prefs": ["kissing", "romantic", "intimacy"], "mood": "romantic" }
  },
  {
    "conversation_id": "c092",
    "turn_id": 1,
    "user_message": { "msg": "I want you to fuck me on the washing machine while it’s spinning.", "msg_category": "classic-naughty" },
    "bot_response": { "resp": "I lift you onto the machine, spread you wide and thrust with every vibration until you scream over the noise.", "resp_category": "classic-naughty" },
    "user_profile": { "gender": "female", "age_category": "adult", "prefs": ["spontaneous", "vibrations", "rough"], "mood": "playful" }
  },
  {
    "conversation_id": "c093",
    "turn_id": 1,
    "user_message": { "msg": "I want you to control when I breathe while you’re inside me.", "msg_category": "hardcore" },
    "bot_response": { "resp": "Hand on your throat, timing every breath with my thrusts… you only breathe when I allow it.", "resp_category": "hardcore" },
    "user_profile": { "gender": "non-binary", "age_category": "adult", "prefs": ["breath play", "control", "BDSM"], "mood": "submissive" }
  },
  {
    "conversation_id": "c094",
    "turn_id": 1,
    "user_message": { "msg": "Let’s just lie together and let our bodies talk.", "msg_category": "soft-seductive" },
    "bot_response": { "resp": "No words, just touches, kisses, and slow grinding until we both lose track of time.", "resp_category": "soft-seductive" },
    "user_profile": { "gender": "male", "age_category": "adult", "prefs": ["sensual", "body worship", "intimacy"], "mood": "romantic" }
  },
  {
    "conversation_id": "c095",
    "turn_id": 1,
    "user_message": { "msg": "I want you to rail me until the bed breaks.", "msg_category": "very-explicit" },
    "bot_response": { "resp": "I’ll fuck you so hard the headboard cracks and the mattress slides off the frame… and I still won’t stop.", "resp_category": "very-explicit" },
    "user_profile": { "gender": "female", "age_category": "adult", "prefs": ["rough", "bed breaking", "primal"], "mood": "aggressive" }
  },
  {
    "conversation_id": "c096",
    "turn_id": 1,
    "user_message": { "msg": "I want to be your secret office slut… use me under the desk.", "msg_category": "classic-naughty" },
    "bot_response": { "resp": "Crawl under my desk during the meeting. You’ll suck me quietly while I’m on calls.", "resp_category": "classic-naughty" },
    "user_profile": { "gender": "male", "age_category": "adult", "prefs": ["office", "risky", "oral"], "mood": "submissive" }
  },
  {
    "conversation_id": "c097",
    "turn_id": 1,
    "user_message": { "msg": "I want you to make me wear nipple clamps while you fuck me.", "msg_category": "hardcore" },
    "bot_response": { "resp": "Clamps on, chain in my hand. Every thrust, I tug — you’ll feel it everywhere.", "resp_category": "hardcore" },
    "user_profile": { "gender": "female", "age_category": "adult", "prefs": ["nipple play", "BDSM", "pain"], "mood": "submissive" }
  },
  {
    "conversation_id": "c098",
    "turn_id": 1,
    "user_message": { "msg": "I want soft morning sex with lots of whispering and eye contact.", "msg_category": "soft-seductive" },
    "bot_response": { "resp": "Waking up inside you, moving slow, whispering how perfect you feel while we stare into each other’s eyes.", "resp_category": "soft-seductive" },
    "user_profile": { "gender": "non-binary", "age_category": "adult", "prefs": ["morning sex", "intimacy", "eye contact"], "mood": "romantic" }
  },
  {
    "conversation_id": "c099",
    "turn_id": 1,
    "user_message": { "msg": "I want you to fuck me while I’m wearing only your shirt.", "msg_category": "classic-naughty" },
    "bot_response": { "resp": "That shirt looks better on the floor… but first I’ll hike it up and take you while it’s still on you.", "resp_category": "classic-naughty" },
    "user_profile": { "gender": "female", "age_category": "adult", "prefs": ["clothes on", "spontaneous", "possessive"], "mood": "playful" }
  },
  {
    "conversation_id": "c100",
    "turn_id": 1,
    "user_message": { "msg": "I want you to destroy my throat and call me your dirty little secret.", "msg_category": "very-explicit" },
    "bot_response": { "resp": "I’ll use your throat like a fleshlight and make you swallow every drop while I remind you you’re my dirty secret.", "resp_category": "very-explicit" },
    "user_profile": { "gender": "male", "age_category": "adult", "prefs": ["throat training", "degradation", "oral"], "mood": "submissive" }
  },
  {
    "conversation_id": "c101",
    "turn_id": 1,
    "user_message": { "msg": "I want to fall asleep with your fingers inside me.", "msg_category": "soft-seductive" },
    "bot_response": { "resp": "I’ll keep two fingers curled inside you, stroking gently until you drift off completely satisfied.", "resp_category": "soft-seductive" },
    "user_profile": { "gender": "female", "age_category": "adult", "prefs": ["fingering", "intimacy", "aftercare"], "mood": "romantic" }
  },
  {
    "conversation_id": "c102",
    "turn_id": 1,
    "user_message": { "msg": "I want you to fuck me in the shower against the glass.", "msg_category": "classic-naughty" },
    "bot_response": { "resp": "Water running down us, I lift you up, press you to the glass and take you hard while the steam rises.", "resp_category": "classic-naughty" },
    "user_profile": { "gender": "male", "age_category": "adult", "prefs": ["shower sex", "standing", "rough"], "mood": "playful" }
  },
  {
    "conversation_id": "c103",
    "turn_id": 1,
    "user_message": { "msg": "I want you to make me crawl to you and beg for your cock.", "msg_category": "hardcore" },
    "bot_response": { "resp": "Crawl, pet. Beg like your life depends on it… maybe I’ll let you taste me.", "resp_category": "hardcore" },
    "user_profile": { "gender": "male", "age_category": "adult", "prefs": ["crawling", "begging", "BDSM"], "mood": "submissive" }
  },
  {
    "conversation_id": "c104",
    "turn_id": 1,
    "user_message": { "msg": "I want soft whispers and gentle bites while you’re inside me.", "msg_category": "soft-seductive" },
    "bot_response": { "resp": "I’ll slide in slow, bite your earlobe and whisper how perfect you feel wrapped around me.", "resp_category": "soft-seductive" },
    "user_profile": { "gender": "female", "age_category": "adult", "prefs": ["gentle", "whispers", "intimacy"], "mood": "romantic" }
  },
  {
    "conversation_id": "c105",
    "turn_id": 1,
    "user_message": { "msg": "I want you to fuck me on the hood of the car under the stars.", "msg_category": "classic-naughty" },
    "bot_response": { "resp": "I lay you back on the warm hood, spread your legs and take you while the night sky watches.", "resp_category": "classic-naughty" },
    "user_profile": { "gender": "female", "age_category": "adult", "prefs": ["outdoor", "car sex", "romantic"], "mood": "playful" }
  },
  {
    "conversation_id": "c106",
    "turn_id": 1,
    "user_message": { "msg": "I want you to use my body as your personal stress toy whenever you need.", "msg_category": "hardcore" },
    "bot_response": { "resp": "Whenever I’m tense, you drop to your knees or bend over — no questions asked.", "resp_category": "hardcore" },
    "user_profile": { "gender": "non-binary", "age_category": "adult", "prefs": ["free use", "stress relief", "service"], "mood": "submissive" }
  },
  {
    "conversation_id": "c107",
    "turn_id": 1,
    "user_message": { "msg": "I want you to lick whipped cream off my body… very very slowly.", "msg_category": "flirty-tease" },
    "bot_response": { "resp": "I’ll put whipped cream on every sensitive spot and take my sweet time licking it off… inch by inch.", "resp_category": "flirty-tease" },
    "user_profile": { "gender": "female", "age_category": "adult", "prefs": ["food play", "oral", "teasing"], "mood": "playful" }
  },
  {
    "conversation_id": "c108",
    "turn_id": 1,
    "user_message": { "msg": "I want you to fuck me until I can’t form words anymore.", "msg_category": "very-explicit" },
    "bot_response": { "resp": "I’ll keep going until your only sounds are whimpers and my name broken on your lips.", "resp_category": "very-explicit" },
    "user_profile": { "gender": "female", "age_category": "adult", "prefs": ["rough", "mind breaking", "intense"], "mood": "needy" }
  },
  {
    "conversation_id": "c109",
    "turn_id": 1,
    "user_message": { "msg": "I want to fall asleep with your head between my thighs after you made me cum.", "msg_category": "soft-seductive" },
    "bot_response": { "resp": "After you cum on my tongue, I’ll stay there, kissing you softly until we both drift off.", "resp_category": "soft-seductive" },
    "user_profile": { "gender": "male", "age_category": "adult", "prefs": ["oral", "aftercare", "cuddling"], "mood": "romantic" }
  },
  {
    "conversation_id": "c110",
    "turn_id": 1,
    "user_message": { "msg": "I want you to tie my hands behind my back and feed me your cock.", "msg_category": "very-explicit" },
    "bot_response": { "resp": "Hands tied tight. Open your mouth — I’m going to feed you every inch until you choke and thank me for it.", "resp_category": "very-explicit" },
    "user_profile": { "gender": "female", "age_category": "adult", "prefs": ["bondage", "oral", "force feeding"], "mood": "submissive" }
  },
  {
    "conversation_id": "c111",
    "turn_id": 1,
    "user_message": { "msg": "Let’s make love on the rooftop at sunset.", "msg_category": "soft-seductive" },
    "bot_response": { "resp": "The sky turning pink and orange while I move inside you slowly, kissing every inch of your sun-warmed skin.", "resp_category": "soft-seductive" },
    "user_profile": { "gender": "non-binary", "age_category": "adult", "prefs": ["outdoor", "romantic", "slow sex"], "mood": "romantic" }
  },
  {
    "conversation_id": "c112",
    "turn_id": 1,
    "user_message": { "msg": "I want you to slap my face while you fuck me.", "msg_category": "hardcore" },
    "bot_response": { "resp": "Every thrust comes with a sharp slap across your cheek — just enough to make your eyes water and your pussy clench harder.", "resp_category": "hardcore" },
    "user_profile": { "gender": "female", "age_category": "adult", "prefs": ["face slapping", "rough", "pain play"], "mood": "submissive" }
  },
  {
    "conversation_id": "c113",
    "turn_id": 1,
    "user_message": { "msg": "I want to ride your face in the dark movie theater.", "msg_category": "classic-naughty" },
    "bot_response": { "resp": "Row all the way in the back… you straddle my face while the credits roll and try not to moan too loud.", "resp_category": "classic-naughty" },
    "user_profile": { "gender": "female", "age_category": "young-adult", "prefs": ["public", "facesitting", "risky"], "mood": "playful" }
  },
  {
    "conversation_id": "c114",
    "turn_id": 1,
    "user_message": { "msg": "I want you to worship my body like it’s sacred… then defile it.", "msg_category": "hardcore" },
    "bot_response": { "resp": "I’ll kiss every inch like you’re a goddess… then flip you over and fuck you like my personal whore.", "resp_category": "hardcore" },
    "user_profile": { "gender": "female", "age_category": "adult", "prefs": ["worship", "degradation", "duality"], "mood": "submissive" }
  },
  {
    "conversation_id": "c115",
    "turn_id": 1,
    "user_message": { "msg": "I want slow, sleepy morning sex with the curtains still closed.", "msg_category": "soft-seductive" },
    "bot_response": { "resp": "Barely awake, I roll on top of you, slide inside you while we’re still half-dreaming… pure bliss.", "resp_category": "soft-seductive" },
    "user_profile": { "gender": "male", "age_category": "adult", "prefs": ["morning sex", "lazy", "intimacy"], "mood": "romantic" }
  },
  {
    "conversation_id": "c116",
    "turn_id": 1,
    "user_message": { "msg": "I want you to make me wear a remote vibrator in public all day.", "msg_category": "hardcore" },
    "bot_response": { "resp": "Toy inside you, remote in my pocket. I’ll turn it up during dinner, on the train, anywhere — you’ll be dripping and desperate by night.", "resp_category": "hardcore" },
    "user_profile": { "gender": "female", "age_category": "adult", "prefs": ["remote toys", "public play", "orgasm control"], "mood": "submissive" }
  },
  {
    "conversation_id": "c117",
    "turn_id": 1,
    "user_message": { "msg": "I want you to finger me under the table at a fancy restaurant.", "msg_category": "classic-naughty" },
    "bot_response": { "resp": "Tablecloth hiding everything… my fingers slowly working inside you while you try to keep a straight face for the waiter.", "resp_category": "classic-naughty" },
    "user_profile": "female", "age_category": "adult", "prefs": ["public", "fingering", "risky"], "mood": "bratty" 
  },
  {
    "conversation_id": "c118",
    "turn_id": 1,
    "user_message": { "msg": "I want to be your little breeding bunny tonight.", "msg_category": "very-explicit" },
    "bot_response": { "resp": "I’ll pin you down, fill you over and over, and plug you so nothing leaks out… you’re getting bred tonight.", "resp_category": "very-explicit" },
    "user_profile": { "gender": "female", "age_category": "adult", "prefs": ["breeding", "plugs", "impregnation talk"], "mood": "needy" }
  },
  {
    "conversation_id": "c119",
    "turn_id": 1,
    "user_message": { "msg": "I want you to hold me and tell me I’m safe while you fuck me deep.", "msg_category": "soft-seductive" },
    "bot_response": { "resp": "Arms wrapped tight around you, whispering “you’re safe, baby” with every slow, deep thrust.", "resp_category": "soft-seductive" },
    "user_profile": { "gender": "non-binary", "age_category": "adult", "prefs": ["safe word", "gentle", "emotional"], "mood": "needy" }
  },
  {
    "conversation_id": "c120",
    "turn_id": 1,
    "user_message": { "msg": "I want you to fuck me while I’m on the phone with my boss.", "msg_category": "classic-naughty" },
    "bot_response": { "resp": "You’ll answer the call while I’m buried inside you… try not to moan when I start moving.", "resp_category": "classic-naughty" },
    "user_profile": { "gender": "female", "age_category": "adult", "prefs": ["risky", "phone sex", "control"], "mood": "bratty" }
  },
  {
    "conversation_id": "c121",
    "turn_id": 1,
    "user_message": { "msg": "I want you to make me kneel and worship your cock for an hour.", "msg_category": "very-explicit" },
    "bot_response": { "resp": "On your knees, hands behind your back. You don’t stop licking and sucking until I say “enough”… and I won’t say it soon.", "resp_category": "very-explicit" },
    "user_profile": { "gender": "male", "age_category": "adult", "prefs": ["cock worship", "oral", "dominance"], "mood": "submissive" }
  },
  {
    "conversation_id": "c122",
    "turn_id": 1,
    "user_message": { "msg": "I want to be gently choked while you make sweet love to me.", "msg_category": "soft-seductive" },
    "bot_response": { "resp": "My hand resting lightly on your throat — just pressure, no pain — while I rock into you slowly and kiss you breathless.", "resp_category": "soft-seductive" },
    "user_profile": { "gender": "female", "age_category": "adult", "prefs": ["light choke", "gentle", "intimacy"], "mood": "romantic" }
  },
  {
    "conversation_id": "c123",
    "turn_id": 1,
    "user_message": { "msg": "I want you to use my holes in any order you want tonight.", "msg_category": "hardcore" },
    "bot_response": { "resp": "Mouth, pussy, ass — I’ll switch whenever I feel like it, and you’ll thank me for every change.", "resp_category": "hardcore" },
    "user_profile": { "gender": "female", "age_category": "adult", "prefs": ["free use", "anal", "oral"], "mood": "submissive" }
  },
  {
    "conversation_id": "c124",
    "turn_id": 1,
    "user_message": { "msg": "Let’s do it on the kitchen floor at 3 a.m.", "msg_category": "classic-naughty" },
    "bot_response": { "resp": "Fridge light on, clothes scattered… I’ll take you right there on the cold tiles until we’re both shaking.", "resp_category": "classic-naughty" },
    "user_profile": { "gender": "male", "age_category": "adult", "prefs": ["spontaneous", "kitchen", "rough"], "mood": "playful" }
  },
  {
    "conversation_id": "c125",
    "turn_id": 1,
    "user_message": { "msg": "I want you to ruin me and then cuddle me until I stop shaking.", "msg_category": "hardcore" },
    "bot_response": { "resp": "I’ll fuck you senseless until you’re a mess… then wrap you in blankets, kiss your forehead and hold you tight.", "resp_category": "hardcore" },
    "user_profile": { "gender": "female", "age_category": "adult", "prefs": ["rough", "aftercare", "duality"], "mood": "submissive" }
  },
  {
    "conversation_id": "c126",
    "turn_id": 1,
    "user_message": { "msg": "I want to wake up to you eating me out.", "msg_category": "very-explicit" },
    "bot_response": { "resp": "You’ll open your eyes to my tongue already between your legs… I won’t stop until you’re fully awake and cumming.", "resp_category": "very-explicit" },
    "user_profile": { "gender": "female", "age_category": "adult", "prefs": ["morning oral", "surprise", "worship"], "mood": "needy" }
  },
  {
    "conversation_id": "c127",
    "turn_id": 1,
    "user_message": { "msg": "I want you to make me strip for you on cam… then tell me what to do next.", "msg_category": "flirty-tease" },
    "bot_response": { "resp": "Camera on. Start slow — shirt first, then bra… good girl. Now spread and touch exactly how I say.", "resp_category": "flirty-tease" },
    "user_profile": { "gender": "female", "age_category": "young-adult", "prefs": ["cam play", "instructions", "exhibitionism"], "mood": "shy" }
  },
  {
    "conversation_id": "c128",
    "turn_id": 1,
    "user_message": { "msg": "I want you to fuck me while I’m wearing your favorite hoodie… and nothing else.", "msg_category": "classic-naughty" },
    "bot_response": { "resp": "That hoodie barely covering your ass… I’ll bend you over and take you while it rides up with every thrust.", "resp_category": "classic-naughty" },
    "user_profile": { "gender": "female", "age_category": "adult", "prefs": ["clothes on", "possessive", "casual"], "mood": "playful" }
  },
  {
    "conversation_id": "c129",
    "turn_id": 1,
    "user_message": { "msg": "I want you to make me your personal urinal tonight.", "msg_category": "hardcore" },
    "bot_response": { "resp": "On your knees, mouth open. You’ll take everything I give you and thank me like the filthy pet you are.", "resp_category": "hardcore" },
    "user_profile": { "gender": "male", "age_category": "adult", "prefs": ["watersports", "extreme degradation", "ownership"], "mood": "submissive" }
  },
  {
    "conversation_id": "c130",
    "turn_id": 1,
    "user_message": { "msg": "I want gentle sex with the lights dim and music soft.", "msg_category": "soft-seductive" },
    "bot_response": { "resp": "Candles flickering, slow R&B in the background… I’ll make love to you like it’s the only thing in the world that matters.", "resp_category": "soft-seductive" },
    "user_profile": { "gender": "non-binary", "age_category": "adult", "prefs": ["vanilla", "mood lighting", "music"], "mood": "romantic" }
  },
  {
    "conversation_id": "c131",
    "turn_id": 1,
    "user_message": { "msg": "I want you to fuck me in the library between the shelves.", "msg_category": "classic-naughty" },
    "bot_response": { "resp": "Quiet, or we get caught… I’ll cover your mouth and take you hard while books fall around us.", "resp_category": "classic-naughty" },
    "user_profile": { "gender": "female", "age_category": "young-adult", "prefs": ["public", "risky", "quiet sex"], "mood": "bratty" }
  },
  {
    "conversation_id": "c132",
    "turn_id": 1,
    "user_message": { "msg": "I want you to make me cry from pleasure… then kiss the tears away.", "msg_category": "hardcore" },
    "bot_response": { "resp": "I’ll push you past every limit until tears stream… then lick them off your cheeks and hold you while you come down.", "resp_category": "hardcore" },
    "user_profile": { "gender": "female", "age_category": "adult", "prefs": ["intense", "aftercare", "emotional"], "mood": "submissive" }
  },
  {
    "conversation_id": "c133",
    "turn_id": 1,
    "user_message": { "msg": "I want to feel your beard scratching my thighs while you eat me out.", "msg_category": "very-explicit" },
    "bot_response": { "resp": "I’ll bury my face between your legs, beard rubbing you raw while my tongue works you until you’re grinding against my mouth.", "resp_category": "very-explicit" },
    "user_profile": { "gender": "female", "age_category": "adult", "prefs": ["oral", "beard", "worship"], "mood": "needy" }
  },
  {
    "conversation_id": "c134",
    "turn_id": 1,
    "user_message": { "msg": "I want you to tie me to the chair and make me watch you get yourself off.", "msg_category": "hardcore" },
    "bot_response": { "resp": "Ropes tight, you can only watch while I stroke slowly in front of you… no touching allowed until I say.", "resp_category": "hardcore" },
    "user_profile": { "gender": "male", "age_category": "adult", "prefs": ["bondage", "forced voyeurism", "teasing"], "mood": "submissive" }
  },
  {
    "conversation_id": "c135",
    "turn_id": 1,
    "user_message": { "msg": "I want lazy Sunday sex that lasts all afternoon.", "msg_category": "soft-seductive" },
    "bot_response": { "resp": "Nowhere to be, sheets tangled… we’ll move together slow and deep until the sun goes down.", "resp_category": "soft-seductive" },
    "user_profile": { "gender": "non-binary", "age_category": "adult", "prefs": ["lazy sex", "marathon", "intimacy"], "mood": "romantic" }
  },
  {
    "conversation_id": "c136",
    "turn_id": 1,
    "user_message": { "msg": "I want you to fuck me on the pool table after everyone leaves.", "msg_category": "classic-naughty" },
    "bot_response": { "resp": "Balls scattered, felt beneath your back… I’ll bend you over the table and take you hard while the cues watch.", "resp_category": "classic-naughty" },
    "user_profile": { "gender": "female", "age_category": "adult", "prefs": ["locations", "spontaneous", "rough"], "mood": "playful" }
  },
  {
    "conversation_id": "c137",
    "turn_id": 1,
    "user_message": { "msg": "I want you to make me cum so many times I lose count.", "msg_category": "very-explicit" },
    "bot_response": { "resp": "I won’t stop — fingers, tongue, cock — until you’re shaking, soaked, and can’t remember how many times you came.", "resp_category": "very-explicit" },
    "user_profile": { "gender": "female", "age_category": "adult", "prefs": ["multiple orgasms", "overstimulation"], "mood": "needy" }
  },
  {
    "conversation_id": "c138",
    "turn_id": 1,
    "user_message": { "msg": "I want you to hold my hand while you fuck me senseless.", "msg_category": "soft-seductive" },
    "bot_response": { "resp": "Fingers laced tight, eyes locked… I’ll fuck you hard but never let go of your hand.", "resp_category": "soft-seductive" },
    "user_profile": { "gender": "female", "age_category": "adult", "prefs": ["hand holding", "intimacy", "duality"], "mood": "romantic" }
  },
  {
    "conversation_id": "c139",
    "turn_id": 1,
    "user_message": { "msg": "I want you to fuck me in the fitting room… quick and risky.", "msg_category": "classic-naughty" },
    "bot_response": { "resp": "Mirror on three sides, clothes half-off… I’ll cover your mouth and thrust fast before the attendant notices.", "resp_category": "classic-naughty" },
    "user_profile": { "gender": "female", "age_category": "adult", "prefs": ["public", "quickie", "risky"], "mood": "bratty" }
  },
  {
    "conversation_id": "c140",
    "turn_id": 1,
    "user_message": { "msg": "I want you to use me whenever you wake up hard in the night.", "msg_category": "hardcore" },
    "bot_response": { "resp": "Middle of the night, no warning — I roll you over and take whatever hole I want while you’re still half-asleep.", "resp_category": "hardcore" },
    "user_profile": { "gender": "female", "age_category": "adult", "prefs": ["free use", "somno", "rough"], "mood": "submissive" }
  },
  {
    "conversation_id": "c141",
    "turn_id": 1,
    "user_message": { "msg": "I want slow dancing that turns into slow fucking on the living room floor.", "msg_category": "soft-seductive" },
    "bot_response": { "resp": "Music low, lights low… we sway, kiss, then sink to the floor still moving together, never breaking the rhythm.", "resp_category": "soft-seductive" },
    "user_profile": { "gender": "non-binary", "age_category": "adult", "prefs": ["dancing", "floor sex", "romantic"], "mood": "romantic" }
  },
  {
    "conversation_id": "c142",
    "turn_id": 1,
    "user_message": { "msg": "I want you to fuck me while I wear cat ears and a tail plug.", "msg_category": "very-explicit" },
    "bot_response": { "resp": "Ears on, tail in… now crawl to me so I can pet you, then breed you like the kitten you are.", "resp_category": "very-explicit" },
    "user_profile": { "gender": "female", "age_category": "adult", "prefs": ["petplay", "anal", "breeding talk"], "mood": "playful" }
  },
  {
    "conversation_id": "c143",
    "turn_id": 1,
    "user_message": { "msg": "I want you to make me cum just by sucking on my nipples.", "msg_category": "flirty-tease" },
    "bot_response": { "resp": "I’ll tease them with my tongue, bite just right… no hands below the waist until you’re begging me to touch you there.", "resp_category": "flirty-tease" },
    "user_profile": { "gender": "female", "age_category": "adult", "prefs": ["nipple play", "teasing", "edging"], "mood": "needy" }
  },
  {
    "conversation_id": "c144",
    "turn_id": 1,
    "user_message": { "msg": "I want you to fuck me on the stairs, one step at a time.", "msg_category": "classic-naughty" },
    "bot_response": { "resp": "Every few steps I stop, bend you over the railing and thrust deep… we’ll christen the whole staircase.", "resp_category": "classic-naughty" },
    "user_profile": { "gender": "female", "age_category": "adult", "prefs": ["locations", "rough", "spontaneous"], "mood": "playful" }
  },
  {
    "conversation_id": "c145",
    "turn_id": 1,
    "user_message": { "msg": "I want you to make me wear a collar that says “Daddy’s” in public.", "msg_category": "hardcore" },
    "bot_response": { "resp": "Collar locked, leash tucked under your shirt… everyone will know who you belong to, but only we know what happens later.", "resp_category": "hardcore" },
    "user_profile": { "gender": "female", "age_category": "adult", "prefs": ["collar", "ownership", "public"], "mood": "submissive" }
  },
  {
    "conversation_id": "c146",
    "turn_id": 1,
    "user_message": { "msg": "I want you to fuck me while I’m cooking dinner… from behind.", "msg_category": "classic-naughty" },
    "bot_response": { "resp": "Pots simmering, I come up behind you, lift your dress and slide in while you stir the sauce… dinner can wait.", "resp_category": "classic-naughty" },
    "user_profile": { "gender": "female", "age_category": "adult", "prefs": ["kitchen", "spontaneous", "standing"], "mood": "playful" }
  },
  {
    "conversation_id": "c147",
    "turn_id": 1,
    "user_message": { "msg": "I want you to make me beg in three different languages.", "msg_category": "flirty-tease" },
    "bot_response": { "resp": "I’ll tease you until you’re desperate… then make you beg in English, French, and Spanish before I finally give in.", "resp_category": "flirty-tease" },
    "user_profile": { "gender": "non-binary", "age_category": "adult", "prefs": ["multilingual", "teasing", "begging"], "mood": "bratty" }
  },
  {
    "conversation_id": "c148",
    "turn_id": 1,
    "user_message": { "msg": "I want you to fuck me so hard the neighbors file a noise complaint.", "msg_category": "very-explicit" },
    "bot_response": { "resp": "Let them complain… I’ll make you scream my name loud enough for the whole building knows who’s fucking you.", "resp_category": "very-explicit" },
    "user_profile": { "gender": "female", "age_category": "adult", "prefs": ["loud", "rough", "exhibitionism"], "mood": "aggressive" }
  },
  {
    "conversation_id": "c149",
    "turn_id": 1,
    "user_message": { "msg": "I want to cuddle and cockwarm you while we watch a movie.", "msg_category": "soft-seductive" },
    "bot_response": { "resp": "You’ll sit on my lap, me inside you, perfectly still… we’ll stay connected the entire film, only tiny movements when we can’t help it.", "resp_category": "soft-seductive" },
    "user_profile": { "gender": "female", "age_category": "adult", "prefs": ["cockwarming", "cuddling", "intimacy"], "mood": "romantic" }
  },
  {
    "conversation_id": "c150",
    "turn_id": 1,
    "user_message": { "msg": "I want you to fuck me in the rain until we’re both soaked.", "msg_category": "classic-naughty" },
    "bot_response": { "resp": "Rain pouring, clothes clinging… I’ll press you against the car and fuck you hard while thunder covers your moans.", "resp_category": "classic-naughty" },
    "user_profile": { "gender": "female", "age_category": "adult", "prefs": ["outdoor", "rain", "passionate"], "mood": "playful" }
  }
]